"Path","Platform","Compiled","Cooked","Permutations","Compiletime","CompiledDouble","CookedDouble"
"/Engine/EditorMaterials/Dataflow/DataflowVertexMaterial.DataflowVertexMaterial","0","24","24","1","165.201370","0","24"
"/Engine/BasicShapes/BasicShapeMaterial.BasicShapeMaterial","0","63","63","1","93.140656","0","63"
"/ControlRig/Controls/ControlRigXRayMaterial.ControlRigXRayMaterial","0","8","9","1","8.158640","0","9"
"/HairStrands/Materials/HairMeshesDefaultMaterial.HairMeshesDefaultMaterial","0","60","63","1","93.218819","0","63"
"/HairStrands/Materials/HairCardsDefaultMaterial.HairCardsDefaultMaterial","0","92","98","1","149.156860","0","98"
"/HairStrands/Materials/HairDefaultMaterial.HairDefaultMaterial","0","60","63","1","0.000000","0","63"
"/Engine/EditorLandscapeResources/SplineEditorMeshMat.SplineEditorMeshMat","0","10","12","1","8.296303","0","12"
"/Engine/EngineDebugMaterials/M_SimpleUnlitTranslucent.M_SimpleUnlitTranslucent","0","3","3","1","2.267782","0","3"
"/Engine/EngineMaterials/DefaultPostProcessMaterial.DefaultPostProcessMaterial","0","7","7","1","8.581744","0","7"
"/Engine/EngineMaterials/DefaultDeferredDecalMaterial.DefaultDeferredDecalMaterial","0","87","87","1","173.749649","0","87"
"/ControlRig/Controls/ControlRigGizmoMaterial.ControlRigGizmoMaterial","0","0","2","1","0.000000","0","0"
"/Engine/EngineMaterials/RemoveSurfaceMaterial.RemoveSurfaceMaterial","0","0","2","1","0.000000","0","0"
"/Engine/EngineMaterials/NaniteHiddenSectionMaterial.NaniteHiddenSectionMaterial","0","0","27","1","0.000000","0","0"
"/Engine/EditorMaterials/Dataflow/DataflowTwoSidedVertexMaterial.DataflowTwoSidedVertexMaterial","0","0","32","1","0.000000","0","0"
"/Engine/EditorMaterials/PhAT_UnselectedMaterial.PhAT_UnselectedMaterial","0","0","3","1","0.000000","0","0"
"/Engine/EditorMaterials/PhAT_NoCollisionMaterial.PhAT_NoCollisionMaterial","0","0","3","1","0.000000","0","0"
"/Engine/EngineMaterials/GizmoMaterial.GizmoMaterial","0","0","6","1","0.000000","0","0"
"/Engine/EngineDebugMaterials/DebugMeshMaterial.DebugMeshMaterial","0","0","5","1","0.000000","0","0"
"/MeshModelingToolset/Materials/M_DynamicMeshComponentVtxColor.M_DynamicMeshComponentVtxColor","0","0","18","1","0.000000","0","0"
"/Engine/EngineDebugMaterials/DebugEditorMaterial.DebugEditorMaterial","0","0","6","1","0.000000","0","0"
"/Game/Resourse/M_Base.M_Base","0","0","12","1","0.000000","0","0"
"/Engine/EngineMaterials/Widget3DPassThrough.Widget3DPassThrough","0","42","50","6","55.697441","0","50"
"/Engine/EngineSky/VolumetricClouds/m_SimpleVolumetricCloud.m_SimpleVolumetricCloud","0","0","100","1","0.000000","0","0"
"/Game/Fab_Assets/OldWest/Shared/Materials/MM_Glass_01a.MM_Glass_01a","0","56","56","2","587.717102","0","56"
"/InterchangeAssets/gltf/M_Unlit.M_Unlit","0","90","100","6","141.827759","0","100"
"/Game/Fab_Assets/OldWest/Shared/Materials/MM_MasterMaterial_01a.MM_MasterMaterial_01a","0","80","126","2","130.354568","0","84"
"/InterchangeAssets/gltf/M_Sheen.M_Sheen","0","234","244","6","780.686340","0","244"
"/InterchangeAssets/gltf/M_Transmission.M_Transmission","0","76","76","2","1667.298462","0","76"
"/InterchangeAssets/gltf/M_SpecularGlossiness.M_SpecularGlossiness","0","234","244","6","953.542725","0","244"
"/Paper2D/DefaultSpriteMaterial.DefaultSpriteMaterial","0","40","46","2","94.310715","0","46"
"/Engine/EngineMaterials/PPM_DefaultCalibrationColor.PPM_DefaultCalibrationColor","0","5","5","1","2.575825","0","5"
"/Engine/EngineMaterials/PPM_DefaultCalibrationGrayscale.PPM_DefaultCalibrationGrayscale","0","5","5","1","2.649021","0","5"
"/Engine/EditorMaterials/PreviewShadowIndicatorMaterial.PreviewShadowIndicatorMaterial","0","25","25","1","25.439890","0","25"
"/Engine/VREditor/SnapGrid/SnapGridMaterial.SnapGridMaterial","0","10","10","1","17.605673","0","10"
"/AudioWidgets/AudioMaterialSlate/M_AudioMaterialMeter.M_AudioMaterialMeter","0","13","13","1","10.264894","0","13"
"/AudioWidgets/AudioMaterialSlate/M_AudioMaterialRoundedSlider.M_AudioMaterialRoundedSlider","0","25","27","1","34.733826","0","27"
"/AudioWidgets/AudioMaterialSlate/M_AudioMaterialEnvelope_ADSR.M_AudioMaterialEnvelope_ADSR","0","25","27","1","36.078606","0","27"
"/AudioWidgets/AudioMaterialSlate/M_AudioMaterialKnob.M_AudioMaterialKnob","0","13","13","1","9.519102","0","13"
"/AudioWidgets/AudioMaterialSlate/M_AudioMaterialToggleButton.M_AudioMaterialToggleButton","0","13","13","1","8.371563","0","13"
"/SpeedTreeImporter/SpeedTree9/SpeedTreeBillboardMaster.SpeedTreeBillboardMaster","0","54","58","1","76.886589","0","58"
"/Game/Resourse/M_Diamond.M_Diamond","0","0","12","1","0.000000","0","0"
"/Game/Resourse/M_Gold.M_Gold","0","0","12","1","0.000000","0","0"
"/Game/Resourse/M_Silver.M_Silver","0","0","12","1","0.000000","0","0"
"/Game/Resourse/M_Esmerald.M_Esmerald","0","0","12","1","0.000000","0","0"
"/Game/Resourse/M_Skyb.M_Skyb","0","0","6","1","0.000000","0","0"
"/Engine/EngineSky/M_Sky_Panning_Clouds2.M_Sky_Panning_Clouds2","0","0","2","1","0.000000","0","0"
"/SpeedTreeImporter/SpeedTree9/SpeedTreeMaster.SpeedTreeMaster","0","0","84","1","0.000000","0","0"
"/InterchangeAssets/gltf/M_Default.M_Default","0","166","260","6","385.843018","0","184"
"/InterchangeAssets/gltf/M_ClearCoat.M_ClearCoat","0","242","260","6","844.339294","0","260"
"/Engine/EngineMaterials/DefaultLightFunctionMaterial.DefaultLightFunctionMaterial","0","25","25","1","22.633739","0","25"
"/Engine/EngineMaterials/DefaultTextMaterialOpaque.DefaultTextMaterialOpaque","0","27","29","1","26.074665","0","29"
"/Engine/EngineMaterials/EmissiveMeshMaterial.EmissiveMeshMaterial","0","10","10","1","11.957239","0","10"
"/ControlRig/M_Manip.M_Manip","0","8","9","1","17.559467","0","9"
"/Engine/EngineMaterials/PhAT_JointLimitMaterial.PhAT_JointLimitMaterial","0","8","9","1","14.887482","0","9"
"/Engine/VREditor/TransformGizmo/TransformGizmoMaterial.TransformGizmoMaterial","0","2","2","1","4.560286","0","2"
"/Engine/EngineMaterials/M_InvalidLightmapSettings.M_InvalidLightmapSettings","0","24","24","1","41.050766","0","24"
"/Engine/EngineDebugMaterials/M_VolumeRenderSphereTracePP.M_VolumeRenderSphereTracePP","0","5","5","1","4.403763","0","5"
"/HairStrands/Materials/HairDebugMaterial.HairDebugMaterial","0","92","98","1","152.666824","0","98"
"/Engine/EngineMaterials/DefaultMaterial.DefaultMaterial","0","123","123","1","175.484421","0","123"
"/Engine/EditorMaterials/Camera/CineMat.CineMat","0","24","24","1","24.385111","0","24"
"/Engine/VREditor/TransformGizmo/Main.Main","0","3","3","1","1.637526","0","3"
"/Engine/VREditor/TransformGizmo/Xray.Xray","0","12","12","1","8.700871","0","12"
"/Engine/VREditor/TransformGizmo/TranslucentTransformGizmoMaterial.TranslucentTransformGizmoMaterial","0","3","3","1","1.874074","0","3"
"/Engine/EngineMaterials/FlattenMaterial_WS_Normal_VT.FlattenMaterial_WS_Normal_VT","0","33","33","1","77.337898","0","33"
"/Engine/EngineMaterials/FlattenMaterial_VT.FlattenMaterial_VT","0","33","33","1","55.496758","0","33"
"/Engine/EngineMaterials/FlattenMaterial.FlattenMaterial","0","54","54","1","55.191521","0","54"
"/Engine/EngineMaterials/WorldGridMaterial.WorldGridMaterial","0","706","0","1","0.000000","0","0"
"/Engine/EngineMaterials/DefaultLightFunctionMaterial.DefaultLightFunctionMaterial","49","67","67","1","43.949665","0","67"
"/Engine/EditorMaterials/Camera/CineMat.CineMat","49","34","34","1","19.699366","0","34"
"/Engine/VREditor/TransformGizmo/TranslucentTransformGizmoMaterial.TranslucentTransformGizmoMaterial","49","8","8","1","10.296070","0","8"
"/Engine/VREditor/TransformGizmo/Xray.Xray","49","18","18","1","9.118670","0","18"
"/Engine/VREditor/TransformGizmo/Main.Main","49","8","8","1","0.923241","0","8"
"/Engine/EngineMaterials/FlattenMaterial_WS_Normal_VT.FlattenMaterial_WS_Normal_VT","49","63","63","1","149.591843","0","63"
"/Engine/EngineMaterials/FlattenMaterial_VT.FlattenMaterial_VT","49","63","63","1","142.935730","0","63"
"/Engine/EngineMaterials/WorldGridMaterial.WorldGridMaterial","49","1416","1439","1","443.663605","0","0"
"/Engine/EngineDebugMaterials/M_VolumeRenderSphereTracePP.M_VolumeRenderSphereTracePP","49","7","7","1","7.263183","0","7"
"/HairStrands/Materials/HairDebugMaterial.HairDebugMaterial","49","110","116","1","119.045555","0","116"
"/Engine/EngineMaterials/DefaultMaterial.DefaultMaterial","49","159","159","1","0.000000","0","159"
"/Engine/EngineMaterials/FlattenMaterial.FlattenMaterial","49","91","91","1","160.009903","0","91"
"/Engine/EngineMaterials/M_InvalidLightmapSettings.M_InvalidLightmapSettings","49","36","36","1","51.058231","0","36"
"/Engine/EngineMaterials/EmissiveMeshMaterial.EmissiveMeshMaterial","49","17","17","1","24.159369","0","17"
"/Engine/EngineMaterials/PhAT_JointLimitMaterial.PhAT_JointLimitMaterial","49","13","14","1","14.788466","0","14"
"/ControlRig/M_Manip.M_Manip","49","13","14","1","17.217342","0","14"
"/Paper2D/DefaultSpriteMaterial.DefaultSpriteMaterial","49","42","66","2","40.725441","0","46"
"/Engine/VREditor/TransformGizmo/TransformGizmoMaterial.TransformGizmoMaterial","49","7","7","1","10.000732","0","7"
"/ControlRig/Controls/ControlRigGizmoMaterial.ControlRigGizmoMaterial","49","0","7","1","0.000000","0","0"
"/Engine/EngineMaterials/RemoveSurfaceMaterial.RemoveSurfaceMaterial","49","0","7","1","0.000000","0","0"
"/Engine/EngineMaterials/NaniteHiddenSectionMaterial.NaniteHiddenSectionMaterial","49","0","35","1","0.000000","0","0"
"/Engine/EditorMaterials/Dataflow/DataflowTwoSidedVertexMaterial.DataflowTwoSidedVertexMaterial","49","0","38","1","0.000000","0","0"
"/Engine/EditorMaterials/PhAT_UnselectedMaterial.PhAT_UnselectedMaterial","49","0","8","1","0.000000","0","0"
"/Engine/EditorMaterials/PhAT_NoCollisionMaterial.PhAT_NoCollisionMaterial","49","0","8","1","0.000000","0","0"
"/Engine/EngineMaterials/GizmoMaterial.GizmoMaterial","49","0","11","1","0.000000","0","0"
"/Engine/EngineDebugMaterials/DebugMeshMaterial.DebugMeshMaterial","49","0","10","1","0.000000","0","0"
"/MeshModelingToolset/Materials/M_DynamicMeshComponentVtxColor.M_DynamicMeshComponentVtxColor","49","0","24","1","0.000000","0","0"
"/Engine/EngineDebugMaterials/DebugEditorMaterial.DebugEditorMaterial","49","0","11","1","0.000000","0","0"
"/Game/Resourse/M_Base.M_Base","49","0","18","1","0.000000","0","0"
"/Engine/EngineMaterials/Widget3DPassThrough.Widget3DPassThrough","49","0","84","6","0.000000","0","8"
"/Engine/EngineSky/VolumetricClouds/m_SimpleVolumetricCloud.m_SimpleVolumetricCloud","49","0","105","1","0.000000","0","0"
"/Engine/EngineMaterials/DefaultTextMaterialOpaque.DefaultTextMaterialOpaque","49","35","37","1","26.468237","0","37"
"/Game/Resourse/M_Diamond.M_Diamond","49","0","30","1","0.000000","0","0"
"/Game/Resourse/M_Gold.M_Gold","49","0","30","1","0.000000","0","0"
"/Game/Resourse/M_Silver.M_Silver","49","0","30","1","0.000000","0","0"
"/Game/Resourse/M_Esmerald.M_Esmerald","49","0","30","1","0.000000","0","0"
"/Game/Fab_Assets/OldWest/Shared/Materials/MM_MasterMaterial_01a.MM_MasterMaterial_01a","49","0","229","2","0.000000","0","0"
"/Game/Resourse/M_Skyb.M_Skyb","49","0","11","1","0.000000","0","0"
"/Engine/EngineSky/M_Sky_Panning_Clouds2.M_Sky_Panning_Clouds2","49","0","7","1","0.000000","0","0"
"/SpeedTreeImporter/SpeedTree9/SpeedTreeMaster.SpeedTreeMaster","49","0","106","1","0.000000","0","0"
"/InterchangeAssets/gltf/M_Default.M_Default","49","0","320","6","0.000000","0","0"
"/Engine/EditorMaterials/Dataflow/DataflowVertexMaterial.DataflowVertexMaterial","49","0","30","1","0.000000","0","0"
"/InterchangeAssets/gltf/M_SpecularGlossiness.M_SpecularGlossiness","49","0","304","6","0.000000","0","0"
"/ControlRig/Controls/ControlRigXRayMaterial.ControlRigXRayMaterial","49","0","14","1","0.000000","0","0"
"/Engine/BasicShapes/BasicShapeMaterial.BasicShapeMaterial","49","0","109","1","0.000000","0","0"
"/Engine/EngineMaterials/PPM_DefaultCalibrationColor.PPM_DefaultCalibrationColor","49","0","7","1","0.000000","0","0"
"/InterchangeAssets/gltf/M_ClearCoat.M_ClearCoat","49","0","320","6","0.000000","0","0"
"/InterchangeAssets/gltf/M_Sheen.M_Sheen","49","0","304","6","0.000000","0","0"
"/Engine/EngineMaterials/PPM_DefaultCalibrationGrayscale.PPM_DefaultCalibrationGrayscale","49","0","7","1","0.000000","0","0"
"/Engine/EditorMaterials/PreviewShadowIndicatorMaterial.PreviewShadowIndicatorMaterial","49","0","67","1","0.000000","0","0"
"/Engine/VREditor/SnapGrid/SnapGridMaterial.SnapGridMaterial","49","0","18","1","0.000000","0","0"
"/AudioWidgets/AudioMaterialSlate/M_AudioMaterialMeter.M_AudioMaterialMeter","49","0","15","1","0.000000","0","0"
"/AudioWidgets/AudioMaterialSlate/M_AudioMaterialRoundedSlider.M_AudioMaterialRoundedSlider","49","0","31","1","0.000000","0","0"
"/AudioWidgets/AudioMaterialSlate/M_AudioMaterialEnvelope_ADSR.M_AudioMaterialEnvelope_ADSR","49","0","31","1","0.000000","0","0"
"/SpeedTreeImporter/SpeedTree9/SpeedTreeBillboardMaster.SpeedTreeBillboardMaster","49","0","74","1","0.000000","0","0"
"/AudioWidgets/AudioMaterialSlate/M_AudioMaterialKnob.M_AudioMaterialKnob","49","0","15","1","0.000000","0","0"
"/AudioWidgets/AudioMaterialSlate/M_AudioMaterialToggleButton.M_AudioMaterialToggleButton","49","0","15","1","0.000000","0","0"
"/Game/Fab_Assets/OldWest/Shared/Materials/MM_Glass_01a.MM_Glass_01a","49","0","82","2","0.000000","0","0"
"/HairStrands/Materials/HairMeshesDefaultMaterial.HairMeshesDefaultMaterial","49","0","75","1","0.000000","0","0"
"/HairStrands/Materials/HairDefaultMaterial.HairDefaultMaterial","49","0","75","1","0.000000","0","0"
"/InterchangeAssets/gltf/M_Unlit.M_Unlit","49","0","220","6","0.000000","0","0"
"/InterchangeAssets/gltf/M_Transmission.M_Transmission","49","0","104","2","0.000000","0","0"
"/Engine/EngineMaterials/DefaultPostProcessMaterial.DefaultPostProcessMaterial","49","0","9","1","0.000000","0","0"
"/Engine/EngineMaterials/DefaultDeferredDecalMaterial.DefaultDeferredDecalMaterial","49","0","102","1","0.000000","0","0"
"/HairStrands/Materials/HairCardsDefaultMaterial.HairCardsDefaultMaterial","49","0","116","1","0.000000","0","0"
"/Engine/EditorLandscapeResources/SplineEditorMeshMat.SplineEditorMeshMat","49","0","24","1","0.000000","0","0"
"/Engine/EngineDebugMaterials/M_SimpleUnlitTranslucent.M_SimpleUnlitTranslucent","49","0","8","1","0.000000","0","0"
